<panel columns="2" gap="4" top="4" left="4" weightx="1" weighty="1">
    <label name="pemLabel" text="Certificate in PEM format:" colspan="2" />
    <textarea name="pem" text="TODO pem" weightx="1" editable="false" colspan="2"/>

    <label name="errorLabel" text="No certificate shown" colspan="2" font="bold" foreground="#FF0000"/>

    <label text="Subject:" />
    <textarea name="subject" text="" weightx="1" editable="false" wrap="true" columns="2"/>
    <label name="subjectAltLabel" text="Subject Alternative Names:" />
    <textarea name="subjectAlt" text="" weightx="1" editable="false" wrap="true" />

    <label text="Issuer:" />
    <textarea name="issuer" text="" weightx="1" editable="false" wrap="true" columns="2" />
    <label name="issuerAltLabel" text="Issuer Alternative Names:" />
    <textarea name="issuerAlt" text="" weightx="1" editable="false" wrap="true" />

    <label text="Valid from:" />
    <textfield name="validFrom" text="" weightx="1" editable="false"/>
    <label text="Valid To:" />
    <textfield name="validTo" text="" weightx="1" editable="false"/>
</panel>
