<desktop>

    <panel columns="1" gap="4" top="4" left="4">
        <menubar weightx="1" colspan="1">
            <menu text="Edit">
                <menuitem text="Save" action="saveConfig()"/>
                <menuitem text="Restore" action="loadConfig()"/>
                <menuitem text="Reset to Internal defaults" action="resetConfig()"/>
            </menu>
        </menubar>

        <!--
        <tabbedpane placement="top" selected="0" colspan="1" weightx="1" weighty="1">
            <tab text="Client Authentication Key Pair + Certificate">
            -->
                <panel columns="2" gap="4" top="4" left="4">
                    <panel columns="2" colspan="2" >
                        <panel name="authChoicePanel" colspan="2" weightx="1" init="initAuthChoicePanel(authChoicePanel)">
                        </panel>
                        <label text="Username:" />
                        <textfield name="username" text="username" weightx="1"/>
                        <label text="Password:" />
                        <passwordfield name="password" text="" weightx="1" perform="begin"/>
                    </panel>
                    <label text="PEM key and certificate:"  colspan="2"/>
                    <textfield name="pemkeycertfilename" columns="50" weightx="4" colspan="1" caret="chooseAndLoadFile(pemkeycertfilename, pemkeycert)" action="chooseAndLoadFile(pemkeycertfilename, pemkeycert)" editable="false" />
                    <button text="Load..." weightx="1" colspan="1" action="chooseAndLoadFile(pemkeycertfilename, pemkeycert)"/>
                    <textarea name="pemkeycert" columns="50" rows="10" weightx="1" weighty="5" colspan="2" editable="false" />
                </panel>
        <!--</tab>-->
            <!--<tab text="Server Authentication Certificates">-->
                <!--<panel columns="1" gap="4" top="4" left="4">-->
                    <!--<label text="Certificates for Server SSL Authentication: TODO" />-->
                    <!--<label text="Root Certificates: TODO" />-->
                    <!--<label text="Self-Signed Certificates: TODO" />-->
                <!--</panel>-->
            <!--</tab>-->
            <!--
            <tab text="Clearing House">
                <panel columns="2" gap="4" top="4" left="4">
                    <label text="Clearing house URL:" />
                    <textfield name="clearingHouseUrl" text="TODO" weighty="1"/>
                </panel>
            </tab>
            -->
        <!--</tabbedpane>-->
        <button text="Begin" weightx="1" colspan="1" action="begin"/>
    </panel>
</desktop>