<panel name="main" columns="1" gap="4" top="4" left="4">
    <menubar name="menuBar" weightx="1" colspan="1">
        <menu text="Options">
          <menuitem name="configButton" text="Configure..." action="runConfig"/>
        </menu>
      </menubar>

    <label text="Server:" />
    <!--<panel name="authChoicePanel" colspan="1" weightx="1" init="initAuthChoicePanel(authChoicePanel)"/>-->
    <tabbedpane name="serverPane" placement="top" selected="0" colspan="1" weightx="1" ><!-- weighty="1"-->
        <!--<tab text="exampletab">-->
            <!--<textarea name="requesthttp" editable="false"  weightx="1" weighty="1" wrap="true"  init="setCourierFont(requesthttp)"/>-->
        <!--</tab>-->
    </tabbedpane>

</panel>